Model,Mean,Min,Max,Std
Random Forest,88.24607376006577,1.061890436465334,294.67102650338126,62.21649924473078
XGBoost,88.24534606933594,1.2118301391601562,307.28485107421875,62.25587844848633
LightGBM,88.24794761836539,1.0038266956530133,299.1756352851907,62.282793765680935
Ensemble,88.24645042704304,1.1797131825618428,300.3787371479898,62.249234560927015
